[
	{
		"data": [
			{
				"text": "comprar casa",
				"userDefined": false
			}
		],
		"isTemplate": false,
		"count": 0
	},
	{
		"data": [
			{
				"text": "quiero comprar una casa",
				"userDefined": false
			}
		],
		"isTemplate": false,
		"count": 0
	},
	{
		"data": [
			{
				"text": "deseo comprar una casa",
				"userDefined": false
			}
		],
		"isTemplate": false,
		"count": 0
	},
	{
		"data": [
			{
				"text": "tienes alguna casa en venta",
				"userDefined": false
			}
		],
		"isTemplate": false,
		"count": 0
	},
	{
		"data": [
			{
				"text": "estoy interesado en la compra de una casa",
				"userDefined": false
			}
		],
		"isTemplate": false,
		"count": 0
	},
	{
		"data": [
			{
				"text": "por casualidad tienes una casa en venta ahorita",
				"userDefined": false
			}
		],
		"isTemplate": false,
		"count": 0
	}
]