[
	{
		"data": [
			{
				"text": "rentar casa",
				"userDefined": false
			}
		],
		"isTemplate": false,
		"count": 0
	},
	{
		"data": [
			{
				"text": "quiero rentar una casa",
				"userDefined": false
			}
		],
		"isTemplate": false,
		"count": 0
	},
	{
		"data": [
			{
				"text": "deseo rentar una casa",
				"userDefined": false
			}
		],
		"isTemplate": false,
		"count": 0
	},
	{
		"data": [
			{
				"text": "tienes alguna casa para rentar",
				"userDefined": false
			}
		],
		"isTemplate": false,
		"count": 0
	},
	{
		"data": [
			{
				"text": "estoy interesado en rentar una casa",
				"userDefined": false
			}
		],
		"isTemplate": false,
		"count": 0
	},
	{
		"data": [
			{
				"text": "por casualidad tienes una casa en renta ahorita",
				"userDefined": false
			}
		],
		"isTemplate": false,
		"count": 0
	}
]